[
  {
    "id": "1756825604060",
    "nome": "Café Italiano",
    "preco": 10,
    "descricao": "Cafezinho Italiano hummmm",
    "categoria": "Geral",
    "imagem": "https://i.pinimg.com/736x/ee/31/22/ee312247d32068a5c152627663386281.jpg",
    "createdAt": "2025-09-02T15:06:44.060Z",
    "updatedAt": "2025-09-02T15:10:41.932Z"
  },
  {
    "id": "1756825665589",
    "nome": "Pizza",
    "preco": 60,
    "descricao": "pizza hummmmmmmmmm",
    "categoria": "Geral",
    "imagem": "https://i.pinimg.com/736x/1d/28/c5/1d28c51cfab73dfcd0e3fad6824f4e86.jpg",
    "createdAt": "2025-09-02T15:07:45.589Z",
    "updatedAt": "2025-09-02T15:07:45.589Z"
  },
  {
    "id": "1756825695717",
    "nome": "Taco Mexicano",
    "preco": 35,
    "descricao": "taco hummmmmmm",
    "categoria": "Geral",
    "imagem": "https://i.pinimg.com/736x/a8/32/56/a8325651ff35f5665e714bba0c93fc65.jpg",
    "createdAt": "2025-09-02T15:08:15.717Z",
    "updatedAt": "2025-09-02T15:08:15.717Z"
  },
  {
    "id": "1756825749602",
    "nome": "Lasanha",
    "preco": 60,
    "descricao": "Lasanha hummmmmmmmmmmmmmm",
    "categoria": "Geral",
    "imagem": "https://i.pinimg.com/736x/e1/4f/25/e14f25a259fda7819829d79f75282177.jpg",
    "createdAt": "2025-09-02T15:09:09.602Z",
    "updatedAt": "2025-09-02T15:09:09.602Z"
  },
  {
    "id": "1756825784259",
    "nome": "Strogonoff Di Frango",
    "preco": 35,
    "descricao": "Strogonoff Di Frango hummmmmmmmmmmmmmm",
    "categoria": "Geral",
    "imagem": "https://i.pinimg.com/736x/ae/fe/5d/aefe5d91ac74b5f9d95c38f1a97cfc38.jpg",
    "createdAt": "2025-09-02T15:09:44.259Z",
    "updatedAt": "2025-09-02T15:09:44.259Z"
  },
  {
    "id": "1756825826955",
    "nome": "Macarronada",
    "preco": 40,
    "descricao": "Macarronada hummmmmmm",
    "categoria": "Geral",
    "imagem": "https://i.pinimg.com/736x/ae/96/42/ae9642746b51a31590711784d2cb4ee1.jpg",
    "createdAt": "2025-09-02T15:10:26.955Z",
    "updatedAt": "2025-09-02T15:10:26.955Z"
  },
  {
    "id": "1756825892828",
    "nome": "Costelinha",
    "preco": 50,
    "descricao": "Costelinha hummmmmm",
    "categoria": "Geral",
    "imagem": "https://i.pinimg.com/736x/0a/01/db/0a01dbce0fb1f38d1e11211937864b7b.jpg",
    "createdAt": "2025-09-02T15:11:32.828Z",
    "updatedAt": "2025-09-02T15:11:32.828Z"
  },
  {
    "id": "1756825917739",
    "nome": "Bisteca",
    "preco": 40,
    "descricao": "Bistequinha hummmmmmm",
    "categoria": "Geral",
    "imagem": "https://i.pinimg.com/736x/ca/03/da/ca03da67dc3feb6ad8eccea8c1d752a2.jpg",
    "createdAt": "2025-09-02T15:11:57.739Z",
    "updatedAt": "2025-09-02T15:11:57.739Z"
  },
  {
    "id": "1756825962549",
    "nome": "MilkShake",
    "preco": 20,
    "descricao": "MilkShakezinho hummmmmmmmm",
    "categoria": "Geral",
    "imagem": "https://i.pinimg.com/736x/b0/95/0c/b0950c22362a3a30e353bac00bc2ad31.jpg",
    "createdAt": "2025-09-02T15:12:42.549Z",
    "updatedAt": "2025-09-02T15:12:42.549Z"
  },
  {
    "id": "1756830816822",
    "nome": "Iphone 11",
    "preco": 2300,
    "descricao": "Lindo iphone 11 na caixa",
    "categoria": "Eletrônicos",
    "imagem": "https://i.pinimg.com/736x/78/f8/d4/78f8d43306630c7c55882a4a4144075d.jpg",
    "createdAt": "2025-09-02T16:33:36.822Z",
    "updatedAt": "2025-09-02T16:33:36.822Z"
  },
  {
    "id": "1756830967709",
    "nome": "OnePlus Nord 5",
    "preco": 4500,
    "descricao": "OnePlus Nord 5g",
    "categoria": "Geral",
    "imagem": "https://i.pinimg.com/736x/18/c9/c9/18c9c9d07bcbbcfe1ad415ed2424be2c.jpg",
    "createdAt": "2025-09-02T16:36:07.709Z",
    "updatedAt": "2025-09-02T16:36:07.709Z"
  },
  {
    "id": "1756831008559",
    "nome": "Quadro Lamine Yamal",
    "preco": 250,
    "descricao": "Lindo Quadro 30x30 do Lamine Yamal",
    "categoria": "Casa",
    "imagem": "https://i.pinimg.com/736x/ac/43/b4/ac43b49bffb3adeb56a07ae3c6e6d591.jpg",
    "createdAt": "2025-09-02T16:36:48.559Z",
    "updatedAt": "2025-09-02T16:36:48.559Z"
  }
]